ckpt_name,checkpoint_params.load_checkpoint,checkpoint_params.schema,training_hyperparams.lr_warmup_epochs,training_hyperparams.lr_warmup_steps,training_hyperparams.lr_cooldown_epochs,training_hyperparams.warmup_initial_lr,training_hyperparams.cosine_final_lr_ratio,training_hyperparams.optimizer,training_hyperparams.optimizer_params.weight_decay,training_hyperparams.ema,training_hyperparams.batch_accumulate,training_hyperparams.ema_params.decay,training_hyperparams.ema_params.decay_type,training_hyperparams.zero_weight_decay_on_bias_and_bn,training_hyperparams.load_opt_params,training_hyperparams.run_validation_freq,training_hyperparams.run_test_freq,training_hyperparams.save_model,training_hyperparams.metric_to_watch,training_hyperparams.launch_tensorboard,training_hyperparams.tb_files_user_prompt,training_hyperparams.silent_mode,training_hyperparams.mixed_precision,training_hyperparams.tensorboard_port,training_hyperparams.save_ckpt_epoch_list,training_hyperparams.average_best_models,training_hyperparams.dataset_statistics,training_hyperparams.save_tensorboard_to_s3,training_hyperparams.lr_schedule_function,training_hyperparams.train_metrics_list,training_hyperparams.valid_metrics_list,training_hyperparams.greater_metric_to_watch_is_better,training_hyperparams.precise_bn,training_hyperparams.precise_bn_batch_size,training_hyperparams.seed,training_hyperparams.lr_mode,training_hyperparams.phase_callbacks,training_hyperparams.log_installed_packages,training_hyperparams.sg_logger,training_hyperparams.sg_logger_params.tb_files_user_prompt,training_hyperparams.sg_logger_params.project_name,training_hyperparams.sg_logger_params.launch_tensorboard,training_hyperparams.sg_logger_params.tensorboard_port,training_hyperparams.sg_logger_params.save_checkpoints_remote,training_hyperparams.sg_logger_params.save_tensorboard_remote,training_hyperparams.sg_logger_params.save_logs_remote,training_hyperparams.warmup_mode,training_hyperparams.step_lr_update_freq,training_hyperparams.lr_updates,training_hyperparams.initial_lr.backbone,training_hyperparams.initial_lr.default,training_hyperparams.clip_grad_norm,training_hyperparams.pre_prediction_callback,training_hyperparams.ckpt_best_name,training_hyperparams.enable_qat,training_hyperparams.resume,training_hyperparams.resume_path,training_hyperparams.ckpt_name,training_hyperparams.resume_strict_load,training_hyperparams.sync_bn,training_hyperparams.kill_ddp_pgroup_on_end,training_hyperparams.max_train_batches,training_hyperparams.max_valid_batches,training_hyperparams.resume_from_remote_sg_logger,training_hyperparams.torch_compile,training_hyperparams.torch_compile_loss,training_hyperparams.torch_compile_options.mode,training_hyperparams.torch_compile_options.fullgraph,training_hyperparams.torch_compile_options.dynamic,training_hyperparams.torch_compile_options.backend,training_hyperparams.torch_compile_options.options,training_hyperparams.torch_compile_options.disable,training_hyperparams.finetune,training_hyperparams.schema.type,training_hyperparams.schema.properties.max_epochs.type,training_hyperparams.schema.properties.max_epochs.minimum,training_hyperparams.schema.properties.lr_decay_factor.type,training_hyperparams.schema.properties.lr_decay_factor.minimum,training_hyperparams.schema.properties.lr_decay_factor.maximum,training_hyperparams.schema.properties.lr_warmup_epochs.type,training_hyperparams.schema.properties.lr_warmup_epochs.minimum,training_hyperparams.schema.properties.lr_warmup_epochs.maximum,training_hyperparams.schema.properties.initial_lr.anyOf,training_hyperparams.schema.if.properties.lr_mode.const,training_hyperparams.schema.then.required,training_hyperparams.schema.required,training_hyperparams.max_epochs,training_hyperparams.loss,dataset_params.train_dataset_params,dataset_params.train_dataloader_params.batch_size,dataset_params.train_dataloader_params.num_workers,dataset_params.train_dataloader_params.drop_last,dataset_params.train_dataloader_params.shuffle,dataset_params.train_dataloader_params.pin_memory,dataset_params.train_dataloader_params.collate_fn,dataset_params.valid_dataset_params,dataset_params.valid_dataloader_params.batch_size,dataset_params.valid_dataloader_params.num_workers,dataset_params.valid_dataloader_params.drop_last,dataset_params.valid_dataloader_params.pin_memory,dataset_params.valid_dataloader_params.collate_fn,additional_log_items.initial_LR.backbone,additional_log_items.initial_LR.default,additional_log_items.num_devices,additional_log_items.multi_gpu,additional_log_items.device_type,additional_log_items.installed_packages.albumentations,additional_log_items.installed_packages.et-xmlfile,additional_log_items.installed_packages.helpers,additional_log_items.installed_packages.imageio,additional_log_items.installed_packages.lazy-loader,additional_log_items.installed_packages.onnx,additional_log_items.installed_packages.onnxruntime,additional_log_items.installed_packages.onnxsim,additional_log_items.installed_packages.opencv-python-headless,additional_log_items.installed_packages.openpyxl,additional_log_items.installed_packages.qudida,additional_log_items.installed_packages.scikit-image,additional_log_items.installed_packages.tifffile,additional_log_items.installed_packages.babel,additional_log_items.installed_packages.deprecated,additional_log_items.installed_packages.markdown,additional_log_items.installed_packages.markupsafe,additional_log_items.installed_packages.pyyaml,additional_log_items.installed_packages.sphinx,additional_log_items.installed_packages.absl-py,additional_log_items.installed_packages.alabaster,additional_log_items.installed_packages.antlr4-python3-runtime,additional_log_items.installed_packages.arabic-reshaper,additional_log_items.installed_packages.asn1crypto,additional_log_items.installed_packages.asttokens,additional_log_items.installed_packages.attrs,additional_log_items.installed_packages.boto3,additional_log_items.installed_packages.botocore,additional_log_items.installed_packages.build,additional_log_items.installed_packages.cachetools,additional_log_items.installed_packages.certifi,additional_log_items.installed_packages.cffi,additional_log_items.installed_packages.charset-normalizer,additional_log_items.installed_packages.click,additional_log_items.installed_packages.colorama,additional_log_items.installed_packages.coloredlogs,additional_log_items.installed_packages.comm,additional_log_items.installed_packages.contourpy,additional_log_items.installed_packages.coverage,additional_log_items.installed_packages.cryptography,additional_log_items.installed_packages.cssselect2,additional_log_items.installed_packages.cycler,additional_log_items.installed_packages.data-gradients,additional_log_items.installed_packages.debugpy,additional_log_items.installed_packages.decorator,additional_log_items.installed_packages.docutils,additional_log_items.installed_packages.einops,additional_log_items.installed_packages.exceptiongroup,additional_log_items.installed_packages.executing,additional_log_items.installed_packages.filelock,additional_log_items.installed_packages.flatbuffers,additional_log_items.installed_packages.fonttools,additional_log_items.installed_packages.fsspec,additional_log_items.installed_packages.future,additional_log_items.installed_packages.google-auth,additional_log_items.installed_packages.google-auth-oauthlib,additional_log_items.installed_packages.grpcio,additional_log_items.installed_packages.html5lib,additional_log_items.installed_packages.humanfriendly,additional_log_items.installed_packages.hydra-core,additional_log_items.installed_packages.idna,additional_log_items.installed_packages.imagededup,additional_log_items.installed_packages.imagesize,additional_log_items.installed_packages.importlib-metadata,additional_log_items.installed_packages.intel-openmp,additional_log_items.installed_packages.ipykernel,additional_log_items.installed_packages.ipython,additional_log_items.installed_packages.jedi,additional_log_items.installed_packages.jinja2,additional_log_items.installed_packages.jmespath,additional_log_items.installed_packages.joblib,additional_log_items.installed_packages.json-tricks,additional_log_items.installed_packages.jsonschema,additional_log_items.installed_packages.jsonschema-specifications,additional_log_items.installed_packages.jupyter-client,additional_log_items.installed_packages.jupyter-core,additional_log_items.installed_packages.kiwisolver,additional_log_items.installed_packages.lxml,additional_log_items.installed_packages.markdown-it-py,additional_log_items.installed_packages.matplotlib,additional_log_items.installed_packages.matplotlib-inline,additional_log_items.installed_packages.mdurl,additional_log_items.installed_packages.mkl,additional_log_items.installed_packages.mpmath,additional_log_items.installed_packages.nest-asyncio,additional_log_items.installed_packages.networkx,additional_log_items.installed_packages.numpy,additional_log_items.installed_packages.oauthlib,additional_log_items.installed_packages.omegaconf,additional_log_items.installed_packages.opencv-python,additional_log_items.installed_packages.oscrypto,additional_log_items.installed_packages.packaging,additional_log_items.installed_packages.pandas,additional_log_items.installed_packages.parso,additional_log_items.installed_packages.pickleshare,additional_log_items.installed_packages.pillow,additional_log_items.installed_packages.pip,additional_log_items.installed_packages.pip-tools,additional_log_items.installed_packages.platformdirs,additional_log_items.installed_packages.prompt-toolkit,additional_log_items.installed_packages.protobuf,additional_log_items.installed_packages.psutil,additional_log_items.installed_packages.pure-eval,additional_log_items.installed_packages.pydeprecate,additional_log_items.installed_packages.pyhanko,additional_log_items.installed_packages.pyasn1,additional_log_items.installed_packages.pyasn1-modules,additional_log_items.installed_packages.pycocotools,additional_log_items.installed_packages.pycparser,additional_log_items.installed_packages.pygments,additional_log_items.installed_packages.pyhanko-certvalidator,additional_log_items.installed_packages.pyparsing,additional_log_items.installed_packages.pypdf,additional_log_items.installed_packages.pypng,additional_log_items.installed_packages.pyproject-hooks,additional_log_items.installed_packages.pyreadline3,additional_log_items.installed_packages.python-bidi,additional_log_items.installed_packages.python-dateutil,additional_log_items.installed_packages.pytz,additional_log_items.installed_packages.pywavelets,additional_log_items.installed_packages.pywin32,additional_log_items.installed_packages.pyzmq,additional_log_items.installed_packages.qrcode,additional_log_items.installed_packages.rapidfuzz,additional_log_items.installed_packages.referencing,additional_log_items.installed_packages.reportlab,additional_log_items.installed_packages.requests,additional_log_items.installed_packages.requests-oauthlib,additional_log_items.installed_packages.rich,additional_log_items.installed_packages.rpds-py,additional_log_items.installed_packages.rsa,additional_log_items.installed_packages.s3transfer,additional_log_items.installed_packages.scikit-learn,additional_log_items.installed_packages.scipy,additional_log_items.installed_packages.seaborn,additional_log_items.installed_packages.setuptools,additional_log_items.installed_packages.six,additional_log_items.installed_packages.snowballstemmer,additional_log_items.installed_packages.sphinx-rtd-theme,additional_log_items.installed_packages.sphinxcontrib-applehelp,additional_log_items.installed_packages.sphinxcontrib-devhelp,additional_log_items.installed_packages.sphinxcontrib-htmlhelp,additional_log_items.installed_packages.sphinxcontrib-jquery,additional_log_items.installed_packages.sphinxcontrib-jsmath,additional_log_items.installed_packages.sphinxcontrib-qthelp,additional_log_items.installed_packages.sphinxcontrib-serializinghtml,additional_log_items.installed_packages.stack-data,additional_log_items.installed_packages.stringcase,additional_log_items.installed_packages.super-gradients,additional_log_items.installed_packages.svglib,additional_log_items.installed_packages.sympy,additional_log_items.installed_packages.tbb,additional_log_items.installed_packages.tensorboard,additional_log_items.installed_packages.tensorboard-data-server,additional_log_items.installed_packages.termcolor,additional_log_items.installed_packages.threadpoolctl,additional_log_items.installed_packages.tinycss2,additional_log_items.installed_packages.tomli,additional_log_items.installed_packages.torch,additional_log_items.installed_packages.torchaudio,additional_log_items.installed_packages.torchmetrics,additional_log_items.installed_packages.torchvision,additional_log_items.installed_packages.tornado,additional_log_items.installed_packages.tqdm,additional_log_items.installed_packages.traitlets,additional_log_items.installed_packages.treelib,additional_log_items.installed_packages.typing-extensions,additional_log_items.installed_packages.tzdata,additional_log_items.installed_packages.tzlocal,additional_log_items.installed_packages.uritools,additional_log_items.installed_packages.urllib3,additional_log_items.installed_packages.wcwidth,additional_log_items.installed_packages.webencodings,additional_log_items.installed_packages.werkzeug,additional_log_items.installed_packages.wheel,additional_log_items.installed_packages.wrapt,additional_log_items.installed_packages.xhtml2pdf,additional_log_items.installed_packages.zipp,Precision@0.50:0.95,Recall@0.50:0.95,mAP@0.50:0.95,F1@0.50:0.95,AP@0.50:0.95_Architectural distortion,AP@0.50:0.95_Mass,AP@0.50:0.95_Calcification,Best_score_threshold,Best_score_threshold_Architectural distortion,Best_score_threshold_Mass,Best_score_threshold_Calcification,training_hyperparams.lr_decay_factor,Target
RUN_20240612_100027_359642,False,,0,100,0,1e-06,0.1,Adam,1e-05,True,1,0.9,threshold,True,True,1,1,True,mAP@0.50:0.95,False,False,False,False,,[],True,False,False,,[],['DetectionMetrics(\n  (post_prediction_callback): PPYoloEPostPredictionCallback()\n)'],True,False,,42,CosineLRScheduler,['<super_gradients.training.utils.callbacks.callbacks.ExtremeBatchDetectionVisualizationCallback object at 0x000001AA84754070>'],True,base_sg_logger,False,,False,,False,False,False,LinearBatchLRWarmup,,[],0.1,0.1,,,ckpt_best.pth,False,False,,ckpt_latest.pth,False,True,True,,,False,False,False,reduce-overhead,False,False,inductor,,False,False,object,number,1,number,0,1,number,0,10,"[{'type': ['number', 'string', 'boolean', 'null']}, {'type': 'object', 'patternProperties': {'^[a-zA-Z0-9_.]+$': {'type': 'number'}}, 'additionalProperties': False}]",StepLRScheduler,"['lr_updates', 'lr_decay_factor']","['max_epochs', 'lr_mode', 'initial_lr', 'loss']",50,"PPYoloELoss(
  (static_assigner): ATSSAssigner()
  (assigner): TaskAlignedAssigner()
)","{'data_dir': '../data/', 'images_dir': 'train/images', 'labels_dir': 'train/labels', 'classes': ['Architectural distortion', 'Mass', 'Calcification'], 'input_dim': [640, 640], 'cache_annotations': True, 'ignore_empty_annotations': True, 'transforms': [{'DetectionMosaic': {'input_dim': [640, 640], 'prob': 1.0}}, {'DetectionRandomAffine': {'degrees': 10.0, 'translate': 0.1, 'scales': [0.1, 2], 'shear': 2.0, 'target_size': [640, 640], 'filter_box_candidates': True, 'wh_thr': 2, 'area_thr': 0.1, 'ar_thr': 20}}, {'DetectionMixup': {'input_dim': [640, 640], 'mixup_scale': [0.5, 1.5], 'prob': 1.0, 'flip_prob': 0.5}}, {'DetectionHSV': {'prob': 1.0, 'hgain': 5, 'sgain': 30, 'vgain': 30}}, {'DetectionHorizontalFlip': {'prob': 0.5}}, {'DetectionPaddedRescale': {'input_dim': [640, 640]}}, {'DetectionTargetsFormatTransform': {'input_dim': [640, 640], 'output_format': 'LABEL_CXCYWH'}}], 'class_inclusion_list': None, 'max_num_samples': None}",16,8,True,True,True,<super_gradients.training.utils.collate_fn.detection_collate_fn.DetectionCollateFN object at 0x000001AAB9828670>,"{'data_dir': '../data/', 'images_dir': 'valid/images', 'labels_dir': 'valid/labels', 'classes': ['Architectural distortion', 'Mass', 'Calcification'], 'input_dim': [640, 640], 'cache_annotations': True, 'ignore_empty_annotations': True, 'transforms': [{'DetectionPaddedRescale': {'input_dim': [640, 640]}}, {'DetectionTargetsFormatTransform': {'input_dim': [640, 640], 'output_format': 'LABEL_CXCYWH'}}], 'class_inclusion_list': None, 'max_num_samples': None}",16,8,True,True,<super_gradients.training.utils.collate_fn.detection_collate_fn.DetectionCollateFN object at 0x000001AAB9ED6260>,0.1,0.1,1,None,NVIDIA GeForce RTX 3080,1.3.1,1.1.0,0.2.0,2.34.0,0.4,1.15.0,1.15.0,0.4.36,4.9.0.80,3.1.2,0.0.4,0.23.1,2024.2.12,2.15.0,1.2.14,3.6,2.1.5,6.0.1,4.0.3,2.1.0,0.7.16,4.9.3,3.0.0,1.5.1,2.4.1,23.2.0,1.34.124,1.34.124,1.2.1,5.3.3,2024.6.2,1.16.0,3.3.2,8.1.7,0.4.6,15.0.1,0.2.2,1.2.1,5.3.1,42.0.8,0.7.0,0.12.1,0.3.2,1.8.1,5.1.1,0.17.1,0.3.2,1.2.0,2.0.1,3.14.0,24.3.25,4.53.0,2024.6.0,1.0.0,2.30.0,1.2.0,1.64.1,1.1,10.0,1.3.2,3.7,0.3.2,1.4.1,7.1.0,2021.4.0,6.29.4,8.25.0,0.19.1,3.1.4,1.0.1,1.4.2,3.16.1,4.22.0,2023.12.1,8.6.2,5.7.2,1.4.5,5.2.2,3.0.0,3.8.2,0.1.7,0.1.2,2021.4.0,1.3.0,1.6.0,3.3,1.23.0,3.2.2,2.3.0,4.10.0.82,1.3.0,24.0,2.2.2,0.8.4,0.7.5,10.2.0,24.0,7.4.1,4.2.2,3.0.47,3.20.3,5.9.8,0.2.2,0.3.2,0.25.0,0.6.0,0.4.0,2.0.6,2.22,2.18.0,0.26.3,3.1.2,4.2.0,0.20220715.0,1.1.0,3.4.1,0.4.2,2.9.0,2024.1,1.6.0,306,26.0.3,7.4.2,3.9.3,0.35.1,3.6.13,2.32.3,2.0.0,13.7.1,0.18.1,4.9,0.10.1,1.4.0,1.13.1,0.13.1,70.0.0,1.16.0,2.2.0,1.3.0,1.0.8,1.0.6,2.0.5,4.1,1.0.1,1.0.7,1.1.10,0.6.2,1.2.0,3.7.1,1.5.1,1.12.1,2021.12.0,2.15.1,0.7.2,1.1.0,3.5.0,1.3.0,2.0.1,2.1.1+cu118,2.1.1+cu118,0.8.0,0.16.1+cu118,6.4.1,4.66.4,5.14.3,1.6.1,4.12.2,2024.1,5.2,4.0.3,2.2.1,0.2.13,0.5.1,3.0.3,0.43.0,1.16.0,0.2.11,3.19.2,0.00010649620526237413,0.005258777178823948,7.207489488791907e-06,0.00018195844313595444,0.0,1.008244180411566e-05,4.332537628215505e-06,0.10999999940395355,0.0,0.10999999940395355,0.2199999988079071,,0
RUN_20240617_163510_293224,False,,0,100,0,1e-06,0.1,Adam,1e-05,True,1,0.9,threshold,True,True,1,1,True,mAP@0.50:0.95,False,False,False,False,,[],True,False,False,,[],['DetectionMetrics(\n  (post_prediction_callback): PPYoloEPostPredictionCallback()\n)'],True,False,,42,CosineLRScheduler,['<super_gradients.training.utils.callbacks.callbacks.ExtremeBatchDetectionVisualizationCallback object at 0x0000028FFF9F5D20>'],True,base_sg_logger,False,,False,,False,False,False,LinearBatchLRWarmup,,[],0.1,0.1,,,ckpt_best.pth,False,False,,ckpt_latest.pth,False,True,True,,,False,False,False,reduce-overhead,False,False,inductor,,False,False,object,number,1,number,0,1,number,0,10,"[{'type': ['number', 'string', 'boolean', 'null']}, {'type': 'object', 'patternProperties': {'^[a-zA-Z0-9_.]+$': {'type': 'number'}}, 'additionalProperties': False}]",StepLRScheduler,"['lr_updates', 'lr_decay_factor']","['max_epochs', 'lr_mode', 'initial_lr', 'loss']",50,"PPYoloELoss(
  (static_assigner): ATSSAssigner()
  (assigner): TaskAlignedAssigner()
)","{'data_dir': '../data/', 'images_dir': 'train/images', 'labels_dir': 'train/labels', 'classes': ['Architectural distortion', 'Mass', 'Calcification'], 'input_dim': [640, 640], 'cache_annotations': True, 'ignore_empty_annotations': True, 'transforms': [{'DetectionMosaic': {'input_dim': [640, 640], 'prob': 1.0}}, {'DetectionRandomAffine': {'degrees': 10.0, 'translate': 0.1, 'scales': [0.1, 2], 'shear': 2.0, 'target_size': [640, 640], 'filter_box_candidates': True, 'wh_thr': 2, 'area_thr': 0.1, 'ar_thr': 20}}, {'DetectionMixup': {'input_dim': [640, 640], 'mixup_scale': [0.5, 1.5], 'prob': 1.0, 'flip_prob': 0.5}}, {'DetectionHSV': {'prob': 1.0, 'hgain': 5, 'sgain': 30, 'vgain': 30}}, {'DetectionHorizontalFlip': {'prob': 0.5}}, {'DetectionPaddedRescale': {'input_dim': [640, 640]}}, {'DetectionTargetsFormatTransform': {'input_dim': [640, 640], 'output_format': 'LABEL_CXCYWH'}}], 'class_inclusion_list': None, 'max_num_samples': None}",16,8,True,True,True,<super_gradients.training.utils.collate_fn.detection_collate_fn.DetectionCollateFN object at 0x0000028FFF2E7400>,"{'data_dir': '../data/', 'images_dir': 'valid/images', 'labels_dir': 'valid/labels', 'classes': ['Architectural distortion', 'Mass', 'Calcification'], 'input_dim': [640, 640], 'cache_annotations': True, 'ignore_empty_annotations': True, 'transforms': [{'DetectionPaddedRescale': {'input_dim': [640, 640]}}, {'DetectionTargetsFormatTransform': {'input_dim': [640, 640], 'output_format': 'LABEL_CXCYWH'}}], 'class_inclusion_list': None, 'max_num_samples': None}",16,8,True,True,<super_gradients.training.utils.collate_fn.detection_collate_fn.DetectionCollateFN object at 0x0000028FFF9FECE0>,0.1,0.1,1,None,NVIDIA GeForce RTX 3080,1.3.1,1.1.0,0.2.0,2.34.0,0.4,1.15.0,1.15.0,0.4.36,4.9.0.80,3.1.2,0.0.4,0.23.1,2024.2.12,2.15.0,1.2.14,3.6,2.1.5,6.0.1,4.0.3,2.1.0,0.7.16,4.9.3,3.0.0,1.5.1,2.4.1,23.2.0,1.34.124,1.34.124,1.2.1,5.3.3,2024.6.2,1.16.0,3.3.2,8.1.7,0.4.6,15.0.1,0.2.2,1.2.1,5.3.1,42.0.8,0.7.0,0.12.1,0.3.2,1.8.1,5.1.1,0.17.1,0.3.2,1.2.0,2.0.1,3.14.0,24.3.25,4.53.0,2024.6.0,1.0.0,2.30.0,1.2.0,1.64.1,1.1,10.0,1.3.2,3.7,0.3.2,1.4.1,7.1.0,2021.4.0,6.29.4,8.25.0,0.19.1,3.1.4,1.0.1,1.4.2,3.16.1,4.22.0,2023.12.1,8.6.2,5.7.2,1.4.5,5.2.2,3.0.0,3.8.2,0.1.7,0.1.2,2021.4.0,1.3.0,1.6.0,3.3,1.23.0,3.2.2,2.3.0,4.10.0.82,1.3.0,24.0,2.2.2,0.8.4,0.7.5,10.2.0,24.0,7.4.1,4.2.2,3.0.47,3.20.3,5.9.8,0.2.2,0.3.2,0.25.0,0.6.0,0.4.0,2.0.6,2.22,2.18.0,0.26.3,3.1.2,4.2.0,0.20220715.0,1.1.0,3.4.1,0.4.2,2.9.0,2024.1,1.6.0,306,26.0.3,7.4.2,3.9.3,0.35.1,3.6.13,2.32.3,2.0.0,13.7.1,0.18.1,4.9,0.10.1,1.4.0,1.13.1,0.13.1,70.0.0,1.16.0,2.2.0,1.3.0,1.0.8,1.0.6,2.0.5,4.1,1.0.1,1.0.7,1.1.10,0.6.2,1.2.0,3.7.1,1.5.1,1.12.1,2021.12.0,2.15.1,0.7.2,1.1.0,3.5.0,1.3.0,2.0.1,2.1.1+cu118,2.1.1+cu118,0.8.0,0.16.1+cu118,6.4.1,4.66.4,5.14.3,1.6.1,4.12.2,2024.1,5.2,4.0.3,2.2.1,0.2.13,0.5.1,3.0.3,0.43.0,1.16.0,0.2.11,3.19.2,0.0001321075251325965,0.01199420914053917,7.311607078008819e-06,0.00023520398826804012,0.0,5.5311065807472914e-06,9.092106665775646e-06,0.10999999940395355,0.0,0.10999999940395355,0.2199999988079071,,0
RUN_20240620_104658_182467,False,,0,100,0,1e-06,0.1,AdamW,1e-05,True,1,0.9,threshold,True,True,1,1,True,mAP@0.50:0.95,False,False,False,False,,[],True,False,False,,[],['DetectionMetrics(\n  (post_prediction_callback): PPYoloEPostPredictionCallback()\n)'],True,False,,42,CosineLRScheduler,['<super_gradients.training.utils.callbacks.callbacks.ExtremeBatchDetectionVisualizationCallback object at 0x0000021FA55FFBE0>'],True,base_sg_logger,False,,False,,False,False,False,LinearBatchLRWarmup,,[],0.1,0.1,,,ckpt_best.pth,False,False,,ckpt_latest.pth,False,True,True,,,False,False,False,reduce-overhead,False,False,inductor,,False,False,object,number,1,number,0,1,number,0,10,"[{'type': ['number', 'string', 'boolean', 'null']}, {'type': 'object', 'patternProperties': {'^[a-zA-Z0-9_.]+$': {'type': 'number'}}, 'additionalProperties': False}]",StepLRScheduler,"['lr_updates', 'lr_decay_factor']","['max_epochs', 'lr_mode', 'initial_lr', 'loss']",75,"PPYoloELoss(
  (static_assigner): ATSSAssigner()
  (assigner): TaskAlignedAssigner()
)","{'data_dir': '../data/', 'images_dir': 'train/images', 'labels_dir': 'train/labels', 'classes': ['Architectural distortion', 'Mass', 'Calcification'], 'input_dim': [640, 640], 'cache_annotations': True, 'ignore_empty_annotations': True, 'transforms': [{'DetectionMosaic': {'input_dim': [640, 640], 'prob': 1.0}}, {'DetectionRandomAffine': {'degrees': 10.0, 'translate': 0.1, 'scales': [0.1, 2], 'shear': 2.0, 'target_size': [640, 640], 'filter_box_candidates': True, 'wh_thr': 2, 'area_thr': 0.1, 'ar_thr': 20}}, {'DetectionMixup': {'input_dim': [640, 640], 'mixup_scale': [0.5, 1.5], 'prob': 1.0, 'flip_prob': 0.5}}, {'DetectionHSV': {'prob': 1.0, 'hgain': 5, 'sgain': 30, 'vgain': 30}}, {'DetectionHorizontalFlip': {'prob': 0.5}}, {'DetectionPaddedRescale': {'input_dim': [640, 640]}}, {'DetectionTargetsFormatTransform': {'input_dim': [640, 640], 'output_format': 'LABEL_CXCYWH'}}], 'class_inclusion_list': None, 'max_num_samples': None}",10,5,True,True,True,"PPYoloECollateFN(random_resize_sizes=None, random_resize_modes=[1])","{'data_dir': '../data/', 'images_dir': 'valid/images', 'labels_dir': 'valid/labels', 'classes': ['Architectural distortion', 'Mass', 'Calcification'], 'input_dim': [640, 640], 'cache_annotations': True, 'ignore_empty_annotations': True, 'transforms': [{'DetectionPaddedRescale': {'input_dim': [640, 640]}}, {'DetectionTargetsFormatTransform': {'input_dim': [640, 640], 'output_format': 'LABEL_CXCYWH'}}], 'class_inclusion_list': None, 'max_num_samples': None}",10,5,True,True,"PPYoloECollateFN(random_resize_sizes=None, random_resize_modes=[1])",0.1,0.1,1,None,NVIDIA GeForce RTX 3080,1.3.1,1.1.0,0.2.0,2.34.0,0.4,1.15.0,1.15.0,0.4.36,4.9.0.80,3.1.2,0.0.4,0.23.1,2024.2.12,2.15.0,1.2.14,3.6,2.1.5,6.0.1,4.0.3,2.1.0,0.7.16,4.9.3,3.0.0,1.5.1,2.4.1,23.2.0,1.34.124,1.34.124,1.2.1,5.3.3,2024.6.2,1.16.0,3.3.2,8.1.7,0.4.6,15.0.1,0.2.2,1.2.1,5.3.1,42.0.8,0.7.0,0.12.1,0.3.2,1.8.1,5.1.1,0.17.1,0.3.2,1.2.0,2.0.1,3.14.0,24.3.25,4.53.0,2024.6.0,1.0.0,2.30.0,1.2.0,1.64.1,1.1,10.0,1.3.2,3.7,0.3.2,1.4.1,7.1.0,2021.4.0,6.29.4,8.25.0,0.19.1,3.1.4,1.0.1,1.4.2,3.16.1,4.22.0,2023.12.1,8.6.2,5.7.2,1.4.5,5.2.2,3.0.0,3.8.2,0.1.7,0.1.2,2021.4.0,1.3.0,1.6.0,3.3,1.23.0,3.2.2,2.3.0,4.10.0.82,1.3.0,24.0,2.2.2,0.8.4,0.7.5,10.2.0,24.0,7.4.1,4.2.2,3.0.47,3.20.3,5.9.8,0.2.2,0.3.2,0.25.0,0.6.0,0.4.0,2.0.6,2.22,2.18.0,0.26.3,3.1.2,4.2.0,0.20220715.0,1.1.0,3.4.1,0.4.2,2.9.0,2024.1,1.6.0,306,26.0.3,7.4.2,3.9.3,0.35.1,3.6.13,2.32.3,2.0.0,13.7.1,0.18.1,4.9,0.10.1,1.4.0,1.13.1,0.13.1,70.0.0,1.16.0,2.2.0,1.3.0,1.0.8,1.0.6,2.0.5,4.1,1.0.1,1.0.7,1.1.10,0.6.2,1.2.0,3.7.1,1.5.1,1.12.1,2021.12.0,2.15.1,0.7.2,1.1.0,3.5.0,1.3.0,2.0.1,2.1.1+cu118,2.1.1+cu118,0.8.0,0.16.1+cu118,6.4.1,4.66.4,5.14.3,1.6.1,4.12.2,2024.1,5.2,4.0.3,2.2.1,0.2.13,0.5.1,3.0.3,0.43.0,1.16.0,0.2.11,3.19.2,0.0007145017734728754,0.0760851725935936,0.005794658791273832,0.0014059717068448663,0.0,8.010056626517326e-05,0.011509217321872711,0.25,0.0,0.09999999403953552,0.25,,0
RUN_20240624_175224_278149,False,,0,100,0,1e-06,0.1,AdamW,1e-05,True,1,0.9,threshold,True,True,1,1,True,mAP@0.50:0.95,False,False,False,False,,[],True,False,False,,[],['DetectionMetrics(\n  (post_prediction_callback): PPYoloEPostPredictionCallback()\n)'],True,False,,42,CosineLRScheduler,['<super_gradients.training.utils.callbacks.callbacks.ExtremeBatchDetectionVisualizationCallback object at 0x0000022C9136A980>'],True,base_sg_logger,False,,False,,False,False,False,LinearBatchLRWarmup,,[],0.01,0.01,,,ckpt_best.pth,False,False,,ckpt_latest.pth,False,True,True,,,False,False,False,reduce-overhead,False,False,inductor,,False,False,object,number,1,number,0,1,number,0,10,"[{'type': ['number', 'string', 'boolean', 'null']}, {'type': 'object', 'patternProperties': {'^[a-zA-Z0-9_.]+$': {'type': 'number'}}, 'additionalProperties': False}]",StepLRScheduler,"['lr_updates', 'lr_decay_factor']","['max_epochs', 'lr_mode', 'initial_lr', 'loss']",75,"PPYoloELoss(
  (static_assigner): ATSSAssigner()
  (assigner): TaskAlignedAssigner()
)","{'data_dir': '../data/', 'images_dir': 'train/images', 'labels_dir': 'train/labels', 'classes': ['Architectural distortion', 'Mass', 'Calcification'], 'input_dim': [640, 640], 'cache_annotations': True, 'ignore_empty_annotations': True, 'transforms': [{'DetectionMosaic': {'input_dim': [640, 640], 'prob': 1.0}}, {'DetectionRandomAffine': {'degrees': 10.0, 'translate': 0.1, 'scales': [0.1, 2], 'shear': 2.0, 'target_size': [640, 640], 'filter_box_candidates': True, 'wh_thr': 2, 'area_thr': 0.1, 'ar_thr': 20}}, {'DetectionMixup': {'input_dim': [640, 640], 'mixup_scale': [0.5, 1.5], 'prob': 1.0, 'flip_prob': 0.5}}, {'DetectionHSV': {'prob': 1.0, 'hgain': 5, 'sgain': 30, 'vgain': 30}}, {'DetectionHorizontalFlip': {'prob': 0.5}}, {'DetectionPaddedRescale': {'input_dim': [640, 640]}}, {'DetectionTargetsFormatTransform': {'input_dim': [640, 640], 'output_format': 'LABEL_CXCYWH'}}], 'class_inclusion_list': None, 'max_num_samples': None}",4,2,True,True,True,"PPYoloECollateFN(random_resize_sizes=None, random_resize_modes=[1])","{'data_dir': '../data/', 'images_dir': 'valid/images', 'labels_dir': 'valid/labels', 'classes': ['Architectural distortion', 'Mass', 'Calcification'], 'input_dim': [640, 640], 'cache_annotations': True, 'ignore_empty_annotations': True, 'transforms': [{'DetectionPaddedRescale': {'input_dim': [640, 640]}}, {'DetectionTargetsFormatTransform': {'input_dim': [640, 640], 'output_format': 'LABEL_CXCYWH'}}], 'class_inclusion_list': None, 'max_num_samples': None}",4,2,True,True,"PPYoloECollateFN(random_resize_sizes=None, random_resize_modes=[1])",0.01,0.01,1,None,NVIDIA GeForce RTX 3080,1.3.1,1.1.0,0.2.0,2.34.0,0.4,1.15.0,1.15.0,0.4.36,4.9.0.80,3.1.2,0.0.4,0.23.1,2024.2.12,2.15.0,1.2.14,3.6,2.1.5,6.0.1,4.0.3,2.1.0,0.7.16,4.9.3,3.0.0,1.5.1,2.4.1,23.2.0,1.34.124,1.34.124,1.2.1,5.3.3,2024.6.2,1.16.0,3.3.2,8.1.7,0.4.6,15.0.1,0.2.2,1.2.1,5.3.1,42.0.8,0.7.0,0.12.1,0.3.2,1.8.1,5.1.1,0.17.1,0.3.2,1.2.0,2.0.1,3.14.0,24.3.25,4.53.0,2024.6.0,1.0.0,2.30.0,1.2.0,1.64.1,1.1,10.0,1.3.2,3.7,0.3.2,1.4.1,7.1.0,2021.4.0,6.29.4,8.25.0,0.19.1,3.1.4,1.0.1,1.4.2,3.16.1,4.22.0,2023.12.1,8.6.2,5.7.2,1.4.5,5.2.2,3.0.0,3.8.2,0.1.7,0.1.2,2021.4.0,1.3.0,1.6.0,3.3,1.23.0,3.2.2,2.3.0,4.10.0.82,1.3.0,24.0,2.2.2,0.8.4,0.7.5,10.2.0,24.0,7.4.1,4.2.2,3.0.47,3.20.3,5.9.8,0.2.2,0.3.2,0.25.0,0.6.0,0.4.0,2.0.6,2.22,2.18.0,0.26.3,3.1.2,4.2.0,0.20220715.0,1.1.0,3.4.1,0.4.2,2.9.0,2024.1,1.6.0,306,26.0.3,7.4.2,3.9.3,0.35.1,3.6.13,2.32.3,2.0.0,13.7.1,0.18.1,4.9,0.10.1,1.4.0,1.13.1,0.13.1,70.0.0,1.16.0,2.2.0,1.3.0,1.0.8,1.0.6,2.0.5,4.1,1.0.1,1.0.7,1.1.10,0.6.2,1.2.0,3.7.1,1.5.1,1.12.1,2021.12.0,2.15.1,0.7.2,1.1.0,3.5.0,1.3.0,2.0.1,2.1.1+cu118,2.1.1+cu118,0.8.0,0.16.1+cu118,6.4.1,4.66.4,5.14.3,1.6.1,4.12.2,2024.1,5.2,4.0.3,2.2.1,0.2.13,0.5.1,3.0.3,0.43.0,1.16.0,0.2.11,3.19.2,0.0012352213962003589,0.11909066885709763,0.011000743135809898,0.0024310105945914984,0.0,0.00034046528162434697,0.021661018952727318,0.25,0.0,0.17999999225139618,0.25,,0
RUN_20240625_113055_125920,False,,0,100,0,1e-06,0.1,AdamW,1e-05,True,1,0.9,threshold,True,True,1,1,True,mAP@0.50:0.95,False,False,False,False,,[],True,False,False,,[],['DetectionMetrics(\n  (post_prediction_callback): PPYoloEPostPredictionCallback()\n)'],True,False,,42,CosineLRScheduler,['<super_gradients.training.utils.callbacks.callbacks.ExtremeBatchDetectionVisualizationCallback object at 0x000001F12B537B80>'],True,base_sg_logger,False,,False,,False,False,False,LinearBatchLRWarmup,,[],0.01,0.01,,,ckpt_best.pth,False,False,,ckpt_latest.pth,False,True,True,,,False,False,False,reduce-overhead,False,False,inductor,,False,False,object,number,1,number,0,1,number,0,10,"[{'type': ['number', 'string', 'boolean', 'null']}, {'type': 'object', 'patternProperties': {'^[a-zA-Z0-9_.]+$': {'type': 'number'}}, 'additionalProperties': False}]",StepLRScheduler,"['lr_updates', 'lr_decay_factor']","['max_epochs', 'lr_mode', 'initial_lr', 'loss']",100,"PPYoloELoss(
  (static_assigner): ATSSAssigner()
  (assigner): TaskAlignedAssigner()
)","{'data_dir': '../data/', 'images_dir': 'train/images', 'labels_dir': 'train/labels', 'classes': ['Architectural distortion', 'Mass', 'Calcification'], 'input_dim': [640, 640], 'cache_annotations': True, 'ignore_empty_annotations': True, 'transforms': [{'DetectionMosaic': {'input_dim': [640, 640], 'prob': 1.0}}, {'DetectionRandomAffine': {'degrees': 10.0, 'translate': 0.1, 'scales': [0.1, 2], 'shear': 2.0, 'target_size': [640, 640], 'filter_box_candidates': True, 'wh_thr': 2, 'area_thr': 0.1, 'ar_thr': 20}}, {'DetectionMixup': {'input_dim': [640, 640], 'mixup_scale': [0.5, 1.5], 'prob': 1.0, 'flip_prob': 0.5}}, {'DetectionHSV': {'prob': 1.0, 'hgain': 5, 'sgain': 30, 'vgain': 30}}, {'DetectionHorizontalFlip': {'prob': 0.5}}, {'DetectionPaddedRescale': {'input_dim': [640, 640]}}, {'DetectionTargetsFormatTransform': {'input_dim': [640, 640], 'output_format': 'LABEL_CXCYWH'}}], 'class_inclusion_list': None, 'max_num_samples': None}",4,2,True,True,True,"PPYoloECollateFN(random_resize_sizes=None, random_resize_modes=[1])","{'data_dir': '../data/', 'images_dir': 'valid/images', 'labels_dir': 'valid/labels', 'classes': ['Architectural distortion', 'Mass', 'Calcification'], 'input_dim': [640, 640], 'cache_annotations': True, 'ignore_empty_annotations': True, 'transforms': [{'DetectionPaddedRescale': {'input_dim': [640, 640]}}, {'DetectionTargetsFormatTransform': {'input_dim': [640, 640], 'output_format': 'LABEL_CXCYWH'}}], 'class_inclusion_list': None, 'max_num_samples': None}",4,2,True,True,"PPYoloECollateFN(random_resize_sizes=None, random_resize_modes=[1])",0.01,0.01,1,None,NVIDIA GeForce RTX 3080,1.3.1,1.1.0,0.2.0,2.34.0,0.4,1.15.0,1.15.0,0.4.36,4.9.0.80,3.1.2,0.0.4,0.23.1,2024.2.12,2.15.0,1.2.14,3.6,2.1.5,6.0.1,4.0.3,2.1.0,0.7.16,4.9.3,3.0.0,1.5.1,2.4.1,23.2.0,1.34.124,1.34.124,1.2.1,5.3.3,2024.6.2,1.16.0,3.3.2,8.1.7,0.4.6,15.0.1,0.2.2,1.2.1,5.3.1,42.0.8,0.7.0,0.12.1,0.3.2,1.8.1,5.1.1,0.17.1,0.3.2,1.2.0,2.0.1,3.14.0,24.3.25,4.53.0,2024.6.0,1.0.0,2.30.0,1.2.0,1.64.1,1.1,10.0,1.3.2,3.7,0.3.2,1.4.1,7.1.0,2021.4.0,6.29.4,8.25.0,0.19.1,3.1.4,1.0.1,1.4.2,3.16.1,4.22.0,2023.12.1,8.6.2,5.7.2,1.4.5,5.2.2,3.0.0,3.8.2,0.1.7,0.1.2,2021.4.0,1.3.0,1.6.0,3.3,1.23.0,3.2.2,2.3.0,4.10.0.82,1.3.0,24.0,2.2.2,0.8.4,0.7.5,10.2.0,24.0,7.4.1,4.2.2,3.0.47,3.20.3,5.9.8,0.2.2,0.3.2,0.25.0,0.6.0,0.4.0,2.0.6,2.22,2.18.0,0.26.3,3.1.2,4.2.0,0.20220715.0,1.1.0,3.4.1,0.4.2,2.9.0,2024.1,1.6.0,306,26.0.3,7.4.2,3.9.3,0.35.1,3.6.13,2.32.3,2.0.0,13.7.1,0.18.1,4.9,0.10.1,1.4.0,1.13.1,0.13.1,70.0.0,1.16.0,2.2.0,1.3.0,1.0.8,1.0.6,2.0.5,4.1,1.0.1,1.0.7,1.1.10,0.6.2,1.2.0,3.7.1,1.5.1,1.12.1,2021.12.0,2.15.1,0.7.2,1.1.0,3.5.0,1.3.0,2.0.1,2.1.1+cu118,2.1.1+cu118,0.8.0,0.16.1+cu118,6.4.1,4.66.4,5.14.3,1.6.1,4.12.2,2024.1,5.2,4.0.3,2.2.1,0.2.13,0.5.1,3.0.3,0.43.0,1.16.0,0.2.11,3.19.2,0.0016335652908310294,0.14783497154712677,0.015901878476142883,0.003214716212823987,0.0,0.00038504847907461226,0.031418707221746445,0.25,0.0,0.17999999225139618,0.25,,0
RUN_20240626_100439_123634,False,,0,100,0,1e-06,0.1,AdamW,1e-05,True,1,0.9,threshold,True,True,1,1,True,mAP@0.50:0.95,False,False,False,False,,[],True,False,False,,[],['DetectionMetrics(\n  (post_prediction_callback): PPYoloEPostPredictionCallback()\n)'],True,False,,42,CosineLRScheduler,['<super_gradients.training.utils.callbacks.callbacks.ExtremeBatchDetectionVisualizationCallback object at 0x00000233286D9720>'],True,base_sg_logger,False,,False,,False,False,False,LinearBatchLRWarmup,,[],0.01,0.01,,,ckpt_best.pth,False,False,,ckpt_latest.pth,False,True,True,,,False,False,False,reduce-overhead,False,False,inductor,,False,False,object,number,1,number,0,1,number,0,10,"[{'type': ['number', 'string', 'boolean', 'null']}, {'type': 'object', 'patternProperties': {'^[a-zA-Z0-9_.]+$': {'type': 'number'}}, 'additionalProperties': False}]",StepLRScheduler,"['lr_updates', 'lr_decay_factor']","['max_epochs', 'lr_mode', 'initial_lr', 'loss']",100,"PPYoloELoss(
  (static_assigner): ATSSAssigner()
  (assigner): TaskAlignedAssigner()
)","{'data_dir': '../data/', 'images_dir': 'train/images', 'labels_dir': 'train/labels', 'classes': ['Architectural distortion', 'Mass', 'Calcification'], 'input_dim': [640, 640], 'cache_annotations': True, 'ignore_empty_annotations': True, 'transforms': [{'DetectionMosaic': {'input_dim': [640, 640], 'prob': 1.0}}, {'DetectionRandomAffine': {'degrees': 10.0, 'translate': 0.1, 'scales': [0.1, 2], 'shear': 2.0, 'target_size': [640, 640], 'filter_box_candidates': True, 'wh_thr': 2, 'area_thr': 0.1, 'ar_thr': 20}}, {'DetectionMixup': {'input_dim': [640, 640], 'mixup_scale': [0.5, 1.5], 'prob': 1.0, 'flip_prob': 0.5}}, {'DetectionHSV': {'prob': 1.0, 'hgain': 5, 'sgain': 30, 'vgain': 30}}, {'DetectionHorizontalFlip': {'prob': 0.5}}, {'DetectionPaddedRescale': {'input_dim': [640, 640]}}, {'DetectionTargetsFormatTransform': {'input_dim': [640, 640], 'output_format': 'LABEL_CXCYWH'}}], 'class_inclusion_list': None, 'max_num_samples': None}",8,5,True,True,True,"PPYoloECollateFN(random_resize_sizes=None, random_resize_modes=[1])","{'data_dir': '../data/', 'images_dir': 'valid/images', 'labels_dir': 'valid/labels', 'classes': ['Architectural distortion', 'Mass', 'Calcification'], 'input_dim': [640, 640], 'cache_annotations': True, 'ignore_empty_annotations': True, 'transforms': [{'DetectionPaddedRescale': {'input_dim': [640, 640]}}, {'DetectionTargetsFormatTransform': {'input_dim': [640, 640], 'output_format': 'LABEL_CXCYWH'}}], 'class_inclusion_list': None, 'max_num_samples': None}",8,5,True,True,"PPYoloECollateFN(random_resize_sizes=None, random_resize_modes=[1])",0.01,0.01,1,None,NVIDIA GeForce RTX 3080,1.3.1,1.1.0,0.2.0,2.34.0,0.4,1.15.0,1.15.0,0.4.36,4.9.0.80,3.1.2,0.0.4,0.23.1,2024.2.12,2.15.0,1.2.14,3.6,2.1.5,6.0.1,4.0.3,2.1.0,0.7.16,4.9.3,3.0.0,1.5.1,2.4.1,23.2.0,1.34.124,1.34.124,1.2.1,5.3.3,2024.6.2,1.16.0,3.3.2,8.1.7,0.4.6,15.0.1,0.2.2,1.2.1,5.3.1,42.0.8,0.7.0,0.12.1,0.3.2,1.8.1,5.1.1,0.17.1,0.3.2,1.2.0,2.0.1,3.14.0,24.3.25,4.53.0,2024.6.0,1.0.0,2.30.0,1.2.0,1.64.1,1.1,10.0,1.3.2,3.7,0.3.2,1.4.1,7.1.0,2021.4.0,6.29.4,8.25.0,0.19.1,3.1.4,1.0.1,1.4.2,3.16.1,4.22.0,2023.12.1,8.6.2,5.7.2,1.4.5,5.2.2,3.0.0,3.8.2,0.1.7,0.1.2,2021.4.0,1.3.0,1.6.0,3.3,1.23.0,3.2.2,2.3.0,4.10.0.82,1.3.0,24.0,2.2.2,0.8.4,0.7.5,10.2.0,24.0,7.4.1,4.2.2,3.0.47,3.20.3,5.9.8,0.2.2,0.3.2,0.25.0,0.6.0,0.4.0,2.0.6,2.22,2.18.0,0.26.3,3.1.2,4.2.0,0.20220715.0,1.1.0,3.4.1,0.4.2,2.9.0,2024.1,1.6.0,306,26.0.3,7.4.2,3.9.3,0.35.1,3.6.13,2.32.3,2.0.0,13.7.1,0.18.1,4.9,0.10.1,1.4.0,1.13.1,0.13.1,70.0.0,1.16.0,2.2.0,1.3.0,1.0.8,1.0.6,2.0.5,4.1,1.0.1,1.0.7,1.1.10,0.6.2,1.2.0,3.7.1,1.5.1,1.12.1,2021.12.0,2.15.1,0.7.2,1.1.0,3.5.0,1.3.0,2.0.1,2.1.1+cu118,2.1.1+cu118,0.8.0,0.16.1+cu118,6.4.1,4.66.4,5.14.3,1.6.1,4.12.2,2024.1,5.2,4.0.3,2.2.1,0.2.13,0.5.1,3.0.3,0.43.0,1.16.0,0.2.11,3.19.2,0.0019511710852384567,0.17198698222637177,0.01877181977033615,0.003841732395812869,0.0,0.0005136842955835164,0.03702995181083679,0.25,0.0,0.17999999225139618,0.25,,0
RUN_20240627_105845_028137,False,,0,100,0,1e-06,0.1,AdamW,1e-05,True,1,0.9,threshold,True,True,1,1,True,mAP@0.50:0.95,False,False,False,False,,[],True,False,False,,[],['DetectionMetrics(\n  (post_prediction_callback): PPYoloEPostPredictionCallback()\n)'],True,False,,42,CosineLRScheduler,['<super_gradients.training.utils.callbacks.callbacks.ExtremeBatchDetectionVisualizationCallback object at 0x000002B76AFE8D60>'],True,base_sg_logger,False,,False,,False,False,False,LinearBatchLRWarmup,,[],0.01,0.01,,,ckpt_best.pth,False,False,,ckpt_latest.pth,False,True,True,,,False,False,False,reduce-overhead,False,False,inductor,,False,False,object,number,1,number,0,1,number,0,10,"[{'type': ['number', 'string', 'boolean', 'null']}, {'type': 'object', 'patternProperties': {'^[a-zA-Z0-9_.]+$': {'type': 'number'}}, 'additionalProperties': False}]",StepLRScheduler,"['lr_updates', 'lr_decay_factor']","['max_epochs', 'lr_mode', 'initial_lr', 'loss']",100,"PPYoloELoss(
  (static_assigner): ATSSAssigner()
  (assigner): TaskAlignedAssigner()
)","{'data_dir': '../data/', 'images_dir': 'train/images', 'labels_dir': 'train/labels', 'classes': ['Architectural distortion', 'Mass', 'Calcification'], 'input_dim': [640, 640], 'cache_annotations': True, 'ignore_empty_annotations': True, 'transforms': [{'DetectionMosaic': {'input_dim': [640, 640], 'prob': 1.0}}, {'DetectionRandomAffine': {'degrees': 10.0, 'translate': 0.1, 'scales': [0.1, 2], 'shear': 2.0, 'target_size': [640, 640], 'filter_box_candidates': True, 'wh_thr': 2, 'area_thr': 0.1, 'ar_thr': 20}}, {'DetectionMixup': {'input_dim': [640, 640], 'mixup_scale': [0.5, 1.5], 'prob': 1.0, 'flip_prob': 0.5}}, {'DetectionHSV': {'prob': 1.0, 'hgain': 5, 'sgain': 30, 'vgain': 30}}, {'DetectionHorizontalFlip': {'prob': 0.5}}, {'DetectionPaddedRescale': {'input_dim': [640, 640]}}, {'DetectionTargetsFormatTransform': {'input_dim': [640, 640], 'output_format': 'LABEL_CXCYWH'}}], 'class_inclusion_list': None, 'max_num_samples': None}",16,10,True,True,True,"PPYoloECollateFN(random_resize_sizes=None, random_resize_modes=[1])","{'data_dir': '../data/', 'images_dir': 'valid/images', 'labels_dir': 'valid/labels', 'classes': ['Architectural distortion', 'Mass', 'Calcification'], 'input_dim': [640, 640], 'cache_annotations': True, 'ignore_empty_annotations': True, 'transforms': [{'DetectionPaddedRescale': {'input_dim': [640, 640]}}, {'DetectionTargetsFormatTransform': {'input_dim': [640, 640], 'output_format': 'LABEL_CXCYWH'}}], 'class_inclusion_list': None, 'max_num_samples': None}",16,10,True,True,"PPYoloECollateFN(random_resize_sizes=None, random_resize_modes=[1])",0.01,0.01,1,None,NVIDIA GeForce RTX 3080,1.3.1,1.1.0,0.2.0,2.34.0,0.4,1.15.0,1.15.0,0.4.36,4.9.0.80,3.1.2,0.0.4,0.23.1,2024.2.12,2.15.0,1.2.14,3.6,2.1.5,6.0.1,4.0.3,2.1.0,0.7.16,4.9.3,3.0.0,1.5.1,2.4.1,23.2.0,1.34.124,1.34.124,1.2.1,5.3.3,2024.6.2,1.16.0,3.3.2,8.1.7,0.4.6,15.0.1,0.2.2,1.2.1,5.3.1,42.0.8,0.7.0,0.12.1,0.3.2,1.8.1,5.1.1,0.17.1,0.3.2,1.2.0,2.0.1,3.14.0,24.3.25,4.53.0,2024.6.0,1.0.0,2.30.0,1.2.0,1.64.1,1.1,10.0,1.3.2,3.7,0.3.2,1.4.1,7.1.0,2021.4.0,6.29.4,8.25.0,0.19.1,3.1.4,1.0.1,1.4.2,3.16.1,4.22.0,2023.12.1,8.6.2,5.7.2,1.4.5,5.2.2,3.0.0,3.8.2,0.1.7,0.1.2,2021.4.0,1.3.0,1.6.0,3.3,1.23.0,3.2.2,2.3.0,4.10.0.82,1.3.0,24.0,2.2.2,0.8.4,0.7.5,10.2.0,24.0,7.4.1,4.2.2,3.0.47,3.20.3,5.9.8,0.2.2,0.3.2,0.25.0,0.6.0,0.4.0,2.0.6,2.22,2.18.0,0.26.3,3.1.2,4.2.0,0.20220715.0,1.1.0,3.4.1,0.4.2,2.9.0,2024.1,1.6.0,306,26.0.3,7.4.2,3.9.3,0.35.1,3.6.13,2.32.3,2.0.0,13.7.1,0.18.1,4.9,0.10.1,1.4.0,1.13.1,0.13.1,70.0.0,1.16.0,2.2.0,1.3.0,1.0.8,1.0.6,2.0.5,4.1,1.0.1,1.0.7,1.1.10,0.6.2,1.2.0,3.7.1,1.5.1,1.12.1,2021.12.0,2.15.1,0.7.2,1.1.0,3.5.0,1.3.0,2.0.1,2.1.1+cu118,2.1.1+cu118,0.8.0,0.16.1+cu118,6.4.1,4.66.4,5.14.3,1.6.1,4.12.2,2024.1,5.2,4.0.3,2.2.1,0.2.13,0.5.1,3.0.3,0.43.0,1.16.0,0.2.11,3.19.2,0.0019654484931379557,0.17317357659339905,0.017331795766949654,0.003864042926579714,0.0,0.0004959563375450671,0.034167636185884476,0.25,0.0,0.17999999225139618,0.25,,0
RUN_20240703_153735_790588,False,,0,100,0,1e-06,0.01,AdamW,1e-05,True,2,0.9,threshold,True,True,1,1,True,mAP@0.50:0.95,False,False,False,False,,[],True,False,False,,[],['DetectionMetrics(\n  (post_prediction_callback): PPYoloEPostPredictionCallback()\n)'],True,False,,42,CosineLRScheduler,['<super_gradients.training.utils.callbacks.callbacks.ExtremeBatchDetectionVisualizationCallback object at 0x000001F024B7BBE0>'],True,base_sg_logger,False,,False,,False,False,False,LinearBatchLRWarmup,,[],0.01,0.005,,,ckpt_best.pth,False,False,,ckpt_latest.pth,False,True,True,,,False,False,False,reduce-overhead,False,False,inductor,,False,False,object,number,1,number,0,1,number,0,10,"[{'type': ['number', 'string', 'boolean', 'null']}, {'type': 'object', 'patternProperties': {'^[a-zA-Z0-9_.]+$': {'type': 'number'}}, 'additionalProperties': False}]",StepLRScheduler,"['lr_updates', 'lr_decay_factor']","['max_epochs', 'lr_mode', 'initial_lr', 'loss']",100,"PPYoloELoss(
  (static_assigner): ATSSAssigner()
  (assigner): TaskAlignedAssigner()
)","{'data_dir': '../data/', 'images_dir': 'train/Images', 'labels_dir': 'train/Labels', 'classes': ['Architectural distortion', 'Mass', 'Calcification'], 'input_dim': [640, 640], 'cache_annotations': True, 'ignore_empty_annotations': True, 'transforms': [{'DetectionMosaic': {'input_dim': [640, 640], 'prob': 1.0}}, {'DetectionRandomAffine': {'degrees': 10.0, 'translate': 0.1, 'scales': [0.1, 2], 'shear': 2.0, 'target_size': [640, 640], 'filter_box_candidates': True, 'wh_thr': 2, 'area_thr': 0.1, 'ar_thr': 20}}, {'DetectionMixup': {'input_dim': [640, 640], 'mixup_scale': [0.5, 1.5], 'prob': 1.0, 'flip_prob': 0.5}}, {'DetectionHSV': {'prob': 1.0, 'hgain': 5, 'sgain': 30, 'vgain': 30}}, {'DetectionHorizontalFlip': {'prob': 0.5}}, {'DetectionPaddedRescale': {'input_dim': [640, 640]}}, {'DetectionTargetsFormatTransform': {'input_dim': [640, 640], 'output_format': 'LABEL_CXCYWH'}}], 'class_inclusion_list': None, 'max_num_samples': None}",16,8,True,True,True,"PPYoloECollateFN(random_resize_sizes=None, random_resize_modes=[1])","{'data_dir': '../data/', 'images_dir': 'valid/Images', 'labels_dir': 'valid/Labels', 'classes': ['Architectural distortion', 'Mass', 'Calcification'], 'input_dim': [640, 640], 'cache_annotations': True, 'ignore_empty_annotations': True, 'transforms': [{'DetectionPaddedRescale': {'input_dim': [640, 640]}}, {'DetectionTargetsFormatTransform': {'input_dim': [640, 640], 'output_format': 'LABEL_CXCYWH'}}], 'class_inclusion_list': None, 'max_num_samples': None}",8,4,True,True,"PPYoloECollateFN(random_resize_sizes=None, random_resize_modes=[1])",0.01,0.005,1,None,NVIDIA GeForce RTX 3080,1.3.1,1.1.0,0.2.0,2.34.0,0.4,1.15.0,1.15.0,0.4.36,4.9.0.80,3.1.2,0.0.4,0.23.1,2024.2.12,2.15.0,1.2.14,3.6,2.1.5,6.0.1,4.0.3,2.1.0,0.7.16,4.9.3,3.0.0,1.5.1,2.4.1,23.2.0,1.34.124,1.34.124,1.2.1,5.3.3,2024.6.2,1.16.0,3.3.2,8.1.7,0.4.6,15.0.1,0.2.2,1.2.1,5.3.1,42.0.8,0.7.0,0.12.1,0.3.2,1.8.1,5.1.1,0.17.1,0.3.2,1.2.0,2.0.1,3.14.0,24.3.25,4.53.0,2024.6.0,1.0.0,2.30.0,1.2.0,1.64.1,1.1,10.0,1.3.2,3.7,0.3.2,1.4.1,7.1.0,2021.4.0,6.29.4,8.25.0,0.19.1,3.1.4,1.0.1,1.4.2,3.16.1,4.22.0,2023.12.1,8.6.2,5.7.2,1.4.5,5.2.2,3.0.0,3.8.2,0.1.7,0.1.2,2021.4.0,1.3.0,1.6.0,3.3,1.23.0,3.2.2,2.3.0,4.10.0.82,1.3.0,24.0,2.2.2,0.8.4,0.7.5,10.2.0,24.0,7.4.1,4.2.2,3.0.47,3.20.3,5.9.8,0.2.2,0.3.2,0.25.0,0.6.0,0.4.0,2.0.6,2.22,2.18.0,0.26.3,3.1.2,4.2.0,0.20220715.0,1.1.0,3.4.1,0.4.2,2.9.0,2024.1,1.6.0,306,26.0.3,7.4.2,3.9.3,0.35.1,3.6.13,2.32.3,2.0.0,13.7.1,0.18.1,4.9,0.10.1,1.4.0,1.13.1,0.13.1,70.0.0,1.16.0,2.2.0,1.3.0,1.0.8,1.0.6,2.0.5,4.1,1.0.1,1.0.7,1.1.10,0.6.2,1.2.0,3.7.1,1.5.1,1.12.1,2021.12.0,2.15.1,0.7.2,1.1.0,3.5.0,1.3.0,2.0.1,2.1.1+cu118,2.1.1+cu118,0.8.0,0.16.1+cu118,6.4.1,4.66.4,5.14.3,1.6.1,4.12.2,2024.1,5.2,4.0.3,2.2.1,0.2.13,0.5.1,3.0.3,0.43.0,1.16.0,0.2.11,3.19.2,0.008294791914522648,0.24142856895923615,0.05276689678430557,0.01578923501074314,0.0,0.001422485918737948,0.10411130636930466,0.2800000011920929,0.0,0.09999999403953552,0.2800000011920929,,1
RUN_20240709_162535_315125,False,,0,100,0,1e-06,0.01,AdamW,1e-05,True,2,0.9,threshold,True,True,1,1,True,mAP@0.50:0.95,False,False,False,False,,[],True,False,False,,[],['DetectionMetrics(\n  (post_prediction_callback): PPYoloEPostPredictionCallback()\n)'],True,False,,42,CosineLRScheduler,['<super_gradients.training.utils.callbacks.callbacks.ExtremeBatchDetectionVisualizationCallback object at 0x0000027BD83B0940>'],True,base_sg_logger,False,,False,,False,False,False,LinearBatchLRWarmup,,[],0.01,0.005,,,ckpt_best.pth,False,False,,ckpt_latest.pth,False,True,True,,,False,False,False,reduce-overhead,False,False,inductor,,False,False,object,number,1,number,0,1,number,0,10,"[{'type': ['number', 'string', 'boolean', 'null']}, {'type': 'object', 'patternProperties': {'^[a-zA-Z0-9_.]+$': {'type': 'number'}}, 'additionalProperties': False}]",StepLRScheduler,"['lr_updates', 'lr_decay_factor']","['max_epochs', 'lr_mode', 'initial_lr', 'loss']",100,"PPYoloELoss(
  (static_assigner): ATSSAssigner()
  (assigner): TaskAlignedAssigner()
)","{'data_dir': '../data/', 'images_dir': 'train/Images', 'labels_dir': 'train/Labels', 'classes': ['Architectural distortion', 'Mass', 'Calcification'], 'input_dim': [640, 640], 'cache_annotations': True, 'ignore_empty_annotations': True, 'transforms': [{'DetectionMosaic': {'input_dim': [640, 640], 'prob': 1.0}}, {'DetectionRandomAffine': {'degrees': 10.0, 'translate': 0.1, 'scales': [0.1, 2], 'shear': 2.0, 'target_size': [640, 640], 'filter_box_candidates': True, 'wh_thr': 2, 'area_thr': 0.1, 'ar_thr': 20}}, {'DetectionMixup': {'input_dim': [640, 640], 'mixup_scale': [0.5, 1.5], 'prob': 1.0, 'flip_prob': 0.5}}, {'DetectionHSV': {'prob': 1.0, 'hgain': 5, 'sgain': 30, 'vgain': 30}}, {'DetectionHorizontalFlip': {'prob': 0.5}}, {'DetectionPaddedRescale': {'input_dim': [640, 640]}}, {'DetectionTargetsFormatTransform': {'input_dim': [640, 640], 'output_format': 'LABEL_CXCYWH'}}], 'class_inclusion_list': None, 'max_num_samples': None}",16,8,True,True,True,"PPYoloECollateFN(random_resize_sizes=None, random_resize_modes=[1])","{'data_dir': '../data/', 'images_dir': 'valid/Images', 'labels_dir': 'valid/Labels', 'classes': ['Architectural distortion', 'Mass', 'Calcification'], 'input_dim': [640, 640], 'cache_annotations': True, 'ignore_empty_annotations': True, 'transforms': [{'DetectionPaddedRescale': {'input_dim': [640, 640]}}, {'DetectionTargetsFormatTransform': {'input_dim': [640, 640], 'output_format': 'LABEL_CXCYWH'}}], 'class_inclusion_list': None, 'max_num_samples': None}",8,4,True,True,"PPYoloECollateFN(random_resize_sizes=None, random_resize_modes=[1])",0.01,0.005,1,None,NVIDIA GeForce RTX 3080,1.3.1,1.1.0,0.2.0,2.34.0,0.4,1.15.0,1.15.0,0.4.36,4.9.0.80,3.1.2,0.0.4,0.23.1,2024.2.12,2.15.0,1.2.14,3.6,2.1.5,6.0.1,4.0.3,2.1.0,0.7.16,4.9.3,3.0.0,1.5.1,2.4.1,23.2.0,1.34.124,1.34.124,1.2.1,5.3.3,2024.6.2,1.16.0,3.3.2,8.1.7,0.4.6,15.0.1,0.2.2,1.2.1,5.3.1,42.0.8,0.7.0,0.12.1,0.3.2,1.8.1,5.1.1,0.17.1,0.3.2,1.2.0,2.0.1,3.14.0,24.3.25,4.53.0,2024.6.0,1.0.0,2.30.0,1.2.0,1.64.1,1.1,10.0,1.3.2,3.7,0.3.2,1.4.1,7.1.0,2021.4.0,6.29.4,8.25.0,0.19.1,3.1.4,1.0.1,1.4.2,3.16.1,4.22.0,2023.12.1,8.6.2,5.7.2,1.4.5,5.2.2,3.0.0,3.8.2,0.1.7,0.1.2,2021.4.0,1.3.0,1.6.0,3.3,1.23.0,3.2.2,2.3.0,4.10.0.82,1.3.0,24.0,2.2.2,0.8.4,0.7.5,10.2.0,24.0,7.4.1,4.2.2,3.0.47,3.20.3,5.9.8,0.2.2,0.3.2,0.25.0,0.6.0,0.4.0,2.0.6,2.22,2.18.0,0.26.3,3.1.2,4.2.0,0.20220715.0,1.1.0,3.4.1,0.4.2,2.9.0,2024.1,1.6.0,306,26.0.3,7.4.2,3.9.3,0.35.1,3.6.13,2.32.3,2.0.0,13.7.1,0.18.1,4.9,0.10.1,1.4.0,1.13.1,0.13.1,70.0.0,1.16.0,2.2.0,1.3.0,1.0.8,1.0.6,2.0.5,4.1,1.0.1,1.0.7,1.1.10,0.6.2,1.2.0,3.7.1,1.5.1,1.12.1,2021.12.0,2.15.1,0.7.2,1.1.0,3.5.0,1.3.0,2.0.1,2.1.1+cu118,2.1.1+cu118,0.8.0,0.16.1+cu118,6.4.1,4.66.4,5.14.3,1.6.1,4.12.2,2024.1,5.2,4.0.3,2.2.1,0.2.13,0.5.1,3.0.3,0.43.0,1.16.0,0.2.11,3.19.2,0.0036832389887422323,0.1711111217737198,0.018298622220754623,0.005771724972873926,0.0,0.00044946742127649486,0.03614777699112892,0.22999998927116394,0.0,0.08999999612569809,0.22999998927116394,,0
RUN_20240710_105031_001793,False,,0,100,0,1e-06,0.01,AdamW,1e-05,True,2,0.9,threshold,True,True,1,1,True,mAP@0.50:0.95,False,False,False,False,,[],True,False,False,,[],['DetectionMetrics(\n  (post_prediction_callback): PPYoloEPostPredictionCallback()\n)'],True,False,,42,CosineLRScheduler,['<super_gradients.training.utils.callbacks.callbacks.ExtremeBatchDetectionVisualizationCallback object at 0x000001409D5496F0>'],True,base_sg_logger,False,,False,,False,False,False,LinearBatchLRWarmup,,[],0.01,0.005,,,ckpt_best.pth,False,False,,ckpt_latest.pth,False,True,True,,,False,False,False,reduce-overhead,False,False,inductor,,False,False,object,number,1,number,0,1,number,0,10,"[{'type': ['number', 'string', 'boolean', 'null']}, {'type': 'object', 'patternProperties': {'^[a-zA-Z0-9_.]+$': {'type': 'number'}}, 'additionalProperties': False}]",StepLRScheduler,"['lr_updates', 'lr_decay_factor']","['max_epochs', 'lr_mode', 'initial_lr', 'loss']",50,"PPYoloELoss(
  (static_assigner): ATSSAssigner()
  (assigner): TaskAlignedAssigner()
)","{'data_dir': '../data/', 'images_dir': 'train/Images', 'labels_dir': 'train/Labels', 'classes': ['Architectural distortion', 'Mass', 'Calcification'], 'input_dim': [640, 640], 'cache_annotations': True, 'ignore_empty_annotations': True, 'transforms': [{'DetectionMosaic': {'input_dim': [640, 640], 'prob': 1.0}}, {'DetectionRandomAffine': {'degrees': 10.0, 'translate': 0.1, 'scales': [0.1, 2], 'shear': 2.0, 'target_size': [640, 640], 'filter_box_candidates': True, 'wh_thr': 2, 'area_thr': 0.1, 'ar_thr': 20}}, {'DetectionMixup': {'input_dim': [640, 640], 'mixup_scale': [0.5, 1.5], 'prob': 1.0, 'flip_prob': 0.5}}, {'DetectionHSV': {'prob': 1.0, 'hgain': 5, 'sgain': 30, 'vgain': 30}}, {'DetectionHorizontalFlip': {'prob': 0.5}}, {'DetectionPaddedRescale': {'input_dim': [640, 640]}}, {'DetectionTargetsFormatTransform': {'input_dim': [640, 640], 'output_format': 'LABEL_CXCYWH'}}], 'class_inclusion_list': None, 'max_num_samples': None}",16,8,True,True,True,"PPYoloECollateFN(random_resize_sizes=None, random_resize_modes=[1])","{'data_dir': '../data/', 'images_dir': 'valid/Images', 'labels_dir': 'valid/Labels', 'classes': ['Architectural distortion', 'Mass', 'Calcification'], 'input_dim': [640, 640], 'cache_annotations': True, 'ignore_empty_annotations': True, 'transforms': [{'DetectionPaddedRescale': {'input_dim': [640, 640]}}, {'DetectionTargetsFormatTransform': {'input_dim': [640, 640], 'output_format': 'LABEL_CXCYWH'}}], 'class_inclusion_list': None, 'max_num_samples': None}",8,4,True,True,"PPYoloECollateFN(random_resize_sizes=None, random_resize_modes=[1])",0.01,0.005,1,None,NVIDIA GeForce RTX 3080,1.3.1,1.1.0,0.2.0,2.34.0,0.4,1.15.0,1.15.0,0.4.36,4.9.0.80,3.1.2,0.0.4,0.23.1,2024.2.12,2.15.0,1.2.14,3.6,2.1.5,6.0.1,4.0.3,2.1.0,0.7.16,4.9.3,3.0.0,1.5.1,2.4.1,23.2.0,1.34.124,1.34.124,1.2.1,5.3.3,2024.6.2,1.16.0,3.3.2,8.1.7,0.4.6,15.0.1,0.2.2,1.2.1,5.3.1,42.0.8,0.7.0,0.12.1,0.3.2,1.8.1,5.1.1,0.17.1,0.3.2,1.2.0,2.0.1,3.14.0,24.3.25,4.53.0,2024.6.0,1.0.0,2.30.0,1.2.0,1.64.1,1.1,10.0,1.3.2,3.7,0.3.2,1.4.1,7.1.0,2021.4.0,6.29.4,8.25.0,0.19.1,3.1.4,1.0.1,1.4.2,3.16.1,4.22.0,2023.12.1,8.6.2,5.7.2,1.4.5,5.2.2,3.0.0,3.8.2,0.1.7,0.1.2,2021.4.0,1.3.0,1.6.0,3.3,1.23.0,3.2.2,2.3.0,4.10.0.82,1.3.0,24.0,2.2.2,0.8.4,0.7.5,10.2.0,24.0,7.4.1,4.2.2,3.0.47,3.20.3,5.9.8,0.2.2,0.3.2,0.25.0,0.6.0,0.4.0,2.0.6,2.22,2.18.0,0.26.3,3.1.2,4.2.0,0.20220715.0,1.1.0,3.4.1,0.4.2,2.9.0,2024.1,1.6.0,306,26.0.3,7.4.2,3.9.3,0.35.1,3.6.13,2.32.3,2.0.0,13.7.1,0.18.1,4.9,0.10.1,1.4.0,1.13.1,0.13.1,70.0.0,1.16.0,2.2.0,1.3.0,1.0.8,1.0.6,2.0.5,4.1,1.0.1,1.0.7,1.1.10,0.6.2,1.2.0,3.7.1,1.5.1,1.12.1,2021.12.0,2.15.1,0.7.2,1.1.0,3.5.0,1.3.0,2.0.1,2.1.1+cu118,2.1.1+cu118,0.8.0,0.16.1+cu118,6.4.1,4.66.4,5.14.3,1.6.1,4.12.2,2024.1,5.2,4.0.3,2.2.1,0.2.13,0.5.1,3.0.3,0.43.0,1.16.0,0.2.11,3.19.2,0.004982579033821821,0.2626984119415283,0.03828680142760277,0.009697417728602886,0.0,0.001962775830179453,0.07461082190275192,0.26999998092651367,0.0,0.1599999964237213,0.26999998092651367,,1
RUN_20240715_102716_778750,False,,0,100,0,1e-06,0.01,AdamW,1e-05,True,2,0.9,threshold,True,True,1,1,True,mAP@0.50:0.95,False,False,False,False,,[],True,False,False,,[],['DetectionMetrics(\n  (post_prediction_callback): PPYoloEPostPredictionCallback()\n)'],True,False,,42,CosineLRScheduler,['<super_gradients.training.utils.callbacks.callbacks.ExtremeBatchDetectionVisualizationCallback object at 0x000001FFD719B8B0>'],True,base_sg_logger,False,,False,,False,False,False,LinearBatchLRWarmup,,[],0.01,0.005,,,ckpt_best.pth,False,False,,ckpt_latest.pth,False,True,True,,,False,False,False,reduce-overhead,False,False,inductor,,False,False,object,number,1,number,0,1,number,0,10,"[{'type': ['number', 'string', 'boolean', 'null']}, {'type': 'object', 'patternProperties': {'^[a-zA-Z0-9_.]+$': {'type': 'number'}}, 'additionalProperties': False}]",StepLRScheduler,"['lr_updates', 'lr_decay_factor']","['max_epochs', 'lr_mode', 'initial_lr', 'loss']",20,"PPYoloELoss(
  (static_assigner): ATSSAssigner()
  (assigner): TaskAlignedAssigner()
)","{'data_dir': '../data/', 'images_dir': 'train/Images', 'labels_dir': 'train/Labels', 'classes': ['Architectural distortion', 'Mass', 'Calcification'], 'input_dim': [640, 640], 'cache_annotations': True, 'ignore_empty_annotations': True, 'transforms': [{'DetectionMosaic': {'input_dim': [640, 640], 'prob': 1.0}}, {'DetectionRandomAffine': {'degrees': 10.0, 'translate': 0.1, 'scales': [0.1, 2], 'shear': 2.0, 'target_size': [640, 640], 'filter_box_candidates': True, 'wh_thr': 2, 'area_thr': 0.1, 'ar_thr': 20}}, {'DetectionMixup': {'input_dim': [640, 640], 'mixup_scale': [0.5, 1.5], 'prob': 1.0, 'flip_prob': 0.5}}, {'DetectionHSV': {'prob': 1.0, 'hgain': 5, 'sgain': 30, 'vgain': 30}}, {'DetectionHorizontalFlip': {'prob': 0.5}}, {'DetectionPaddedRescale': {'input_dim': [640, 640]}}, {'DetectionTargetsFormatTransform': {'input_dim': [640, 640], 'output_format': 'LABEL_CXCYWH'}}], 'class_inclusion_list': None, 'max_num_samples': None}",16,8,True,True,True,"PPYoloECollateFN(random_resize_sizes=None, random_resize_modes=[1])","{'data_dir': '../data/', 'images_dir': 'valid/Images', 'labels_dir': 'valid/Labels', 'classes': ['Architectural distortion', 'Mass', 'Calcification'], 'input_dim': [640, 640], 'cache_annotations': True, 'ignore_empty_annotations': True, 'transforms': [{'DetectionPaddedRescale': {'input_dim': [640, 640]}}, {'DetectionTargetsFormatTransform': {'input_dim': [640, 640], 'output_format': 'LABEL_CXCYWH'}}], 'class_inclusion_list': None, 'max_num_samples': None}",8,4,True,True,"PPYoloECollateFN(random_resize_sizes=None, random_resize_modes=[1])",0.01,0.005,1,None,NVIDIA GeForce RTX 3080,1.3.1,1.1.0,0.2.0,2.34.0,0.4,1.15.0,1.15.0,0.4.36,4.9.0.80,3.1.2,0.0.4,0.23.1,2024.2.12,2.15.0,1.2.14,3.6,2.1.5,6.0.1,4.0.3,2.1.0,0.7.16,4.9.3,3.0.0,1.5.1,2.4.1,23.2.0,1.34.124,1.34.124,1.2.1,5.3.3,2024.6.2,1.16.0,3.3.2,8.1.7,0.4.6,15.0.1,0.2.2,1.2.1,5.3.1,42.0.8,0.7.0,0.12.1,0.3.2,1.8.1,5.1.1,0.17.1,0.3.2,1.2.0,2.0.1,3.14.0,24.3.25,4.53.0,2024.6.0,1.0.0,2.30.0,1.2.0,1.64.1,1.1,10.0,1.3.2,3.7,0.3.2,1.4.1,7.1.0,2021.4.0,6.29.4,8.25.0,0.19.1,3.1.4,1.0.1,1.4.2,3.16.1,4.22.0,2023.12.1,8.6.2,5.7.2,1.4.5,5.2.2,3.0.0,3.8.2,0.1.7,0.1.2,2021.4.0,1.3.0,1.6.0,3.3,1.23.0,3.2.2,2.3.0,4.10.0.82,1.3.0,24.0,2.2.2,0.8.4,0.7.5,10.2.0,24.0,7.4.1,4.2.2,3.0.47,3.20.3,5.9.8,0.2.2,0.3.2,0.25.0,0.6.0,0.4.0,2.0.6,2.22,2.18.0,0.26.3,3.1.2,4.2.0,0.20220715.0,1.1.0,3.4.1,0.4.2,2.9.0,2024.1,1.6.0,306,26.0.3,7.4.2,3.9.3,0.35.1,3.6.13,2.32.3,2.0.0,13.7.1,0.18.1,4.9,0.10.1,1.4.0,1.13.1,0.13.1,70.0.0,1.16.0,2.2.0,1.3.0,1.0.8,1.0.6,2.0.5,4.1,1.0.1,1.0.7,1.1.10,0.6.2,1.2.0,3.7.1,1.5.1,1.12.1,2021.12.0,2.15.1,0.7.2,1.1.0,3.5.0,1.3.0,2.0.1,2.1.1+cu118,2.1.1+cu118,0.8.0,0.16.1+cu118,6.4.1,4.66.4,5.14.3,1.6.1,4.12.2,2024.1,5.2,4.0.3,2.2.1,0.2.13,0.5.1,3.0.3,0.43.0,1.16.0,0.2.11,3.19.2,0.001112119760364294,0.16205212473869324,0.013409350998699665,0.002209071535617113,0.0,2.3053123641147977e-06,0.02681639790534973,0.25999999046325684,0.0,0.04999999701976776,0.25999999046325684,,1
RUN_20240716_115801_530107,False,,0,100,0,1e-06,0.01,AdamW,1e-05,True,2,0.9,threshold,True,True,1,1,True,mAP@0.50:0.95,False,False,False,False,,[],True,False,False,,[],['DetectionMetrics(\n  (post_prediction_callback): PPYoloEPostPredictionCallback()\n)'],True,False,,42,CosineLRScheduler,['<super_gradients.training.utils.callbacks.callbacks.ExtremeBatchDetectionVisualizationCallback object at 0x0000018C6D1C5390>'],True,base_sg_logger,False,,False,,False,False,False,LinearBatchLRWarmup,,[],0.01,0.005,,,ckpt_best.pth,False,False,,ckpt_latest.pth,False,True,True,,,False,False,False,reduce-overhead,False,False,inductor,,False,False,object,number,1,number,0,1,number,0,10,"[{'type': ['number', 'string', 'boolean', 'null']}, {'type': 'object', 'patternProperties': {'^[a-zA-Z0-9_.]+$': {'type': 'number'}}, 'additionalProperties': False}]",StepLRScheduler,"['lr_updates', 'lr_decay_factor']","['max_epochs', 'lr_mode', 'initial_lr', 'loss']",100,"PPYoloELoss(
  (static_assigner): ATSSAssigner()
  (assigner): TaskAlignedAssigner()
)","{'data_dir': '../data/', 'images_dir': 'train/Images', 'labels_dir': 'train/Labels', 'classes': ['Architectural distortion', 'Mass', 'Calcification'], 'input_dim': [640, 640], 'cache_annotations': True, 'ignore_empty_annotations': True, 'transforms': [{'DetectionMosaic': {'input_dim': [640, 640], 'prob': 1.0}}, {'DetectionRandomAffine': {'degrees': 10.0, 'translate': 0.1, 'scales': [0.1, 2], 'shear': 2.0, 'target_size': [640, 640], 'filter_box_candidates': True, 'wh_thr': 2, 'area_thr': 0.1, 'ar_thr': 20}}, {'DetectionMixup': {'input_dim': [640, 640], 'mixup_scale': [0.5, 1.5], 'prob': 1.0, 'flip_prob': 0.5}}, {'DetectionHSV': {'prob': 1.0, 'hgain': 5, 'sgain': 30, 'vgain': 30}}, {'DetectionHorizontalFlip': {'prob': 0.5}}, {'DetectionPaddedRescale': {'input_dim': [640, 640]}}, {'DetectionTargetsFormatTransform': {'input_dim': [640, 640], 'output_format': 'LABEL_CXCYWH'}}], 'class_inclusion_list': None, 'max_num_samples': None}",16,8,True,True,True,"PPYoloECollateFN(random_resize_sizes=None, random_resize_modes=[1])","{'data_dir': '../data/', 'images_dir': 'valid/Images', 'labels_dir': 'valid/Labels', 'classes': ['Architectural distortion', 'Mass', 'Calcification'], 'input_dim': [640, 640], 'cache_annotations': True, 'ignore_empty_annotations': True, 'transforms': [{'DetectionPaddedRescale': {'input_dim': [640, 640]}}, {'DetectionTargetsFormatTransform': {'input_dim': [640, 640], 'output_format': 'LABEL_CXCYWH'}}], 'class_inclusion_list': None, 'max_num_samples': None}",8,4,True,True,"PPYoloECollateFN(random_resize_sizes=None, random_resize_modes=[1])",0.01,0.005,1,None,NVIDIA GeForce RTX 3080,1.3.1,1.1.0,0.2.0,2.34.0,0.4,1.15.0,1.15.0,0.4.36,4.9.0.80,3.1.2,0.0.4,0.23.1,2024.2.12,2.15.0,1.2.14,3.6,2.1.5,6.0.1,4.0.3,2.1.0,0.7.16,4.9.3,3.0.0,1.5.1,2.4.1,23.2.0,1.34.124,1.34.124,1.2.1,5.3.3,2024.6.2,1.16.0,3.3.2,8.1.7,0.4.6,15.0.1,0.2.2,1.2.1,5.3.1,42.0.8,0.7.0,0.12.1,0.3.2,1.8.1,5.1.1,0.17.1,0.3.2,1.2.0,2.0.1,3.14.0,24.3.25,4.53.0,2024.6.0,1.0.0,2.30.0,1.2.0,1.64.1,1.1,10.0,1.3.2,3.7,0.3.2,1.4.1,7.1.0,2021.4.0,6.29.4,8.25.0,0.19.1,3.1.4,1.0.1,1.4.2,3.16.1,4.22.0,2023.12.1,8.6.2,5.7.2,1.4.5,5.2.2,3.0.0,3.8.2,0.1.7,0.1.2,2021.4.0,1.3.0,1.6.0,3.3,1.23.0,3.2.2,2.3.0,4.10.0.82,1.3.0,24.0,2.2.2,0.8.4,0.7.5,10.2.0,24.0,7.4.1,4.2.2,3.0.47,3.20.3,5.9.8,0.2.2,0.3.2,0.25.0,0.6.0,0.4.0,2.0.6,2.22,2.18.0,0.26.3,3.1.2,4.2.0,0.20220715.0,1.1.0,3.4.1,0.4.2,2.9.0,2024.1,1.6.0,306,26.0.3,7.4.2,3.9.3,0.35.1,3.6.13,2.32.3,2.0.0,13.7.1,0.18.1,4.9,0.10.1,1.4.0,1.13.1,0.13.1,70.0.0,1.16.0,2.2.0,1.3.0,1.0.8,1.0.6,2.0.5,4.1,1.0.1,1.0.7,1.1.10,0.6.2,1.2.0,3.7.1,1.5.1,1.12.1,2021.12.0,2.15.1,0.7.2,1.1.0,3.5.0,1.3.0,2.0.1,2.1.1+cu118,2.1.1+cu118,0.8.0,0.16.1+cu118,6.4.1,4.66.4,5.14.3,1.6.1,4.12.2,2024.1,5.2,4.0.3,2.2.1,0.2.13,0.5.1,3.0.3,0.43.0,1.16.0,0.2.11,3.19.2,0.002878831699490547,0.1483984738588333,0.00623263930901885,0.005370260216295719,0.0,0.0002840521920006722,0.012181226164102554,0.2199999988079071,0.0,0.12999999523162842,0.2199999988079071,,0
RUN_20240729_122413_289327,False,,0,100,0,1e-06,0.01,AdamW,1e-05,True,2,0.9,threshold,True,True,1,1,True,mAP@0.50:0.95,False,False,False,False,,[],True,False,False,,[],['DetectionMetrics(\n  (post_prediction_callback): PPYoloEPostPredictionCallback()\n)'],True,False,,42,ExponentialLRScheduler,['<super_gradients.training.utils.callbacks.callbacks.ExtremeBatchDetectionVisualizationCallback object at 0x000002B0A32227D0>'],True,base_sg_logger,False,,False,,False,False,False,LinearBatchLRWarmup,,[],0.01,0.005,,,ckpt_best.pth,False,False,,ckpt_latest.pth,False,True,True,,,False,False,False,reduce-overhead,False,False,inductor,,False,False,object,number,1,number,0,1,number,0,10,"[{'type': ['number', 'string', 'boolean', 'null']}, {'type': 'object', 'patternProperties': {'^[a-zA-Z0-9_.]+$': {'type': 'number'}}, 'additionalProperties': False}]",StepLRScheduler,"['lr_updates', 'lr_decay_factor']","['max_epochs', 'lr_mode', 'initial_lr', 'loss']",50,"PPYoloELoss(
  (static_assigner): ATSSAssigner()
  (assigner): TaskAlignedAssigner()
)","{'data_dir': '../data/', 'images_dir': 'train/Images', 'labels_dir': 'train/Labels', 'classes': ['Architectural distortion', 'Mass', 'Calcification'], 'input_dim': [640, 640], 'cache_annotations': True, 'ignore_empty_annotations': True, 'transforms': [{'DetectionMosaic': {'input_dim': [640, 640], 'prob': 1.0}}, {'DetectionRandomAffine': {'degrees': 10.0, 'translate': 0.1, 'scales': [0.1, 2], 'shear': 2.0, 'target_size': [640, 640], 'filter_box_candidates': True, 'wh_thr': 2, 'area_thr': 0.1, 'ar_thr': 20}}, {'DetectionMixup': {'input_dim': [640, 640], 'mixup_scale': [0.5, 1.5], 'prob': 1.0, 'flip_prob': 0.5}}, {'DetectionHSV': {'prob': 1.0, 'hgain': 5, 'sgain': 30, 'vgain': 30}}, {'DetectionHorizontalFlip': {'prob': 0.5}}, {'DetectionPaddedRescale': {'input_dim': [640, 640]}}, {'DetectionTargetsFormatTransform': {'input_dim': [640, 640], 'output_format': 'LABEL_CXCYWH'}}], 'class_inclusion_list': None, 'max_num_samples': None}",16,8,True,True,True,"PPYoloECollateFN(random_resize_sizes=None, random_resize_modes=[1])","{'data_dir': '../data/', 'images_dir': 'valid/Images', 'labels_dir': 'valid/Labels', 'classes': ['Architectural distortion', 'Mass', 'Calcification'], 'input_dim': [640, 640], 'cache_annotations': True, 'ignore_empty_annotations': True, 'transforms': [{'DetectionPaddedRescale': {'input_dim': [640, 640]}}, {'DetectionTargetsFormatTransform': {'input_dim': [640, 640], 'output_format': 'LABEL_CXCYWH'}}], 'class_inclusion_list': None, 'max_num_samples': None}",8,4,True,True,"PPYoloECollateFN(random_resize_sizes=None, random_resize_modes=[1])",0.01,0.005,1,None,NVIDIA GeForce RTX 3080,1.3.1,1.1.0,0.2.0,2.34.0,0.4,1.15.0,1.15.0,0.4.36,4.9.0.80,3.1.2,0.0.4,0.23.1,2024.2.12,2.15.0,1.2.14,3.6,2.1.5,6.0.1,4.0.3,2.1.0,0.7.16,4.9.3,3.0.0,1.5.1,2.4.1,23.2.0,1.34.124,1.34.124,1.2.1,5.3.3,2024.6.2,1.16.0,3.3.2,8.1.7,0.4.6,15.0.1,0.2.2,1.2.1,5.3.1,42.0.8,0.7.0,0.12.1,0.3.2,1.8.1,5.1.1,0.17.1,0.3.2,1.2.0,2.0.1,3.14.0,24.3.25,4.53.0,2024.6.0,1.0.0,2.30.0,1.2.0,1.64.1,1.1,10.0,1.3.2,3.7,0.3.2,1.4.1,7.1.0,2021.4.0,6.29.4,8.25.0,0.19.1,3.1.4,1.0.1,1.4.2,3.16.1,4.22.0,2023.12.1,8.6.2,5.7.2,1.4.5,5.2.2,3.0.0,3.8.2,0.1.7,0.1.2,2021.4.0,1.3.0,1.6.0,3.3,1.23.0,3.2.2,2.3.0,4.10.0.82,1.3.0,24.0,2.2.2,0.8.4,0.7.5,10.2.0,24.0,7.4.1,4.2.2,3.0.47,3.20.3,5.9.8,0.2.2,0.3.2,0.25.0,0.6.0,0.4.0,2.0.6,2.22,2.18.0,0.26.3,3.1.2,4.2.0,0.20220715.0,1.1.0,3.4.1,0.4.2,2.9.0,2024.1,1.6.0,306,26.0.3,7.4.2,3.9.3,0.35.1,3.6.13,2.32.3,2.0.0,13.7.1,0.18.1,4.9,0.10.1,1.4.0,1.13.1,0.13.1,70.0.0,1.16.0,2.2.0,1.3.0,1.0.8,1.0.6,2.0.5,4.1,1.0.1,1.0.7,1.1.10,0.6.2,1.2.0,3.7.1,1.5.1,1.12.1,2021.12.0,2.15.1,0.7.2,1.1.0,3.5.0,1.3.0,2.0.1,2.1.1+cu118,2.1.1+cu118,0.8.0,0.16.1+cu118,6.4.1,4.66.4,5.14.3,1.6.1,4.12.2,2024.1,5.2,4.0.3,2.2.1,0.2.13,0.5.1,3.0.3,0.43.0,1.16.0,0.2.11,3.19.2,0.0038625777233392,0.27678608894348145,0.024195021018385887,0.00761787174269557,0.0,0.0007594740018248558,0.04763057082891464,0.3700000047683716,0.0,0.10999999940395355,0.3700000047683716,0.9,1
RUN_20240731_180443_985253,False,,0,100,0,1e-06,0.01,AdamW,1e-05,True,2,0.9,threshold,True,True,1,1,True,mAP@0.50:0.95,False,False,False,False,,[],True,False,False,,[],['DetectionMetrics(\n  (post_prediction_callback): PPYoloEPostPredictionCallback()\n)'],True,False,,42,ExponentialLRScheduler,['<super_gradients.training.utils.callbacks.callbacks.ExtremeBatchDetectionVisualizationCallback object at 0x000001AAE51A17E0>'],True,base_sg_logger,False,,False,,False,False,False,LinearBatchLRWarmup,,[],0.01,0.005,,,ckpt_best.pth,False,False,,ckpt_latest.pth,False,True,True,,,False,False,False,reduce-overhead,False,False,inductor,,False,False,object,number,1,number,0,1,number,0,10,"[{'type': ['number', 'string', 'boolean', 'null']}, {'type': 'object', 'patternProperties': {'^[a-zA-Z0-9_.]+$': {'type': 'number'}}, 'additionalProperties': False}]",StepLRScheduler,"['lr_updates', 'lr_decay_factor']","['max_epochs', 'lr_mode', 'initial_lr', 'loss']",50,"PPYoloELoss(
  (static_assigner): ATSSAssigner()
  (assigner): TaskAlignedAssigner()
)","{'data_dir': '../data/', 'images_dir': 'train/Images', 'labels_dir': 'train/Labels', 'classes': ['Architectural distortion', 'Mass', 'Calcification'], 'input_dim': [640, 640], 'cache_annotations': True, 'ignore_empty_annotations': True, 'transforms': [{'DetectionMosaic': {'input_dim': [640, 640], 'prob': 1.0}}, {'DetectionRandomAffine': {'degrees': 10.0, 'translate': 0.1, 'scales': [0.1, 2], 'shear': 2.0, 'target_size': [640, 640], 'filter_box_candidates': True, 'wh_thr': 2, 'area_thr': 0.1, 'ar_thr': 20}}, {'DetectionMixup': {'input_dim': [640, 640], 'mixup_scale': [0.5, 1.5], 'prob': 1.0, 'flip_prob': 0.5}}, {'DetectionHSV': {'prob': 1.0, 'hgain': 5, 'sgain': 30, 'vgain': 30}}, {'DetectionHorizontalFlip': {'prob': 0.5}}, {'DetectionPaddedRescale': {'input_dim': [640, 640]}}, {'DetectionTargetsFormatTransform': {'input_dim': [640, 640], 'output_format': 'LABEL_CXCYWH'}}], 'class_inclusion_list': None, 'max_num_samples': None}",16,8,True,True,True,"PPYoloECollateFN(random_resize_sizes=None, random_resize_modes=[1])","{'data_dir': '../data/', 'images_dir': 'valid/Images', 'labels_dir': 'valid/Labels', 'classes': ['Architectural distortion', 'Mass', 'Calcification'], 'input_dim': [640, 640], 'cache_annotations': True, 'ignore_empty_annotations': True, 'transforms': [{'DetectionPaddedRescale': {'input_dim': [640, 640]}}, {'DetectionTargetsFormatTransform': {'input_dim': [640, 640], 'output_format': 'LABEL_CXCYWH'}}], 'class_inclusion_list': None, 'max_num_samples': None}",8,4,True,True,"PPYoloECollateFN(random_resize_sizes=None, random_resize_modes=[1])",0.01,0.005,1,None,NVIDIA GeForce RTX 3080,1.3.1,1.1.0,0.2.0,2.34.0,0.4,1.15.0,1.15.0,0.4.36,4.9.0.80,3.1.2,0.0.4,0.23.1,2024.2.12,2.15.0,1.2.14,3.6,2.1.5,6.0.1,4.0.3,2.1.0,0.7.16,4.9.3,3.0.0,1.5.1,2.4.1,23.2.0,1.34.124,1.34.124,1.2.1,5.3.3,2024.6.2,1.16.0,3.3.2,8.1.7,0.4.6,15.0.1,0.2.2,1.2.1,5.3.1,42.0.8,0.7.0,0.12.1,0.3.2,1.8.1,5.1.1,0.17.1,0.3.2,1.2.0,2.0.1,3.14.0,24.3.25,4.53.0,2024.6.0,1.0.0,2.30.0,1.2.0,1.64.1,1.1,10.0,1.3.2,3.7,0.3.2,1.4.1,7.1.0,2021.4.0,6.29.4,8.25.0,0.19.1,3.1.4,1.0.1,1.4.2,3.16.1,4.22.0,2023.12.1,8.6.2,5.7.2,1.4.5,5.2.2,3.0.0,3.8.2,0.1.7,0.1.2,2021.4.0,1.3.0,1.6.0,3.3,1.23.0,3.2.2,2.3.0,4.10.0.82,1.3.0,24.0,2.2.2,0.8.4,0.7.5,10.2.0,24.0,7.4.1,4.2.2,3.0.47,3.20.3,5.9.8,0.2.2,0.3.2,0.25.0,0.6.0,0.4.0,2.0.6,2.22,2.18.0,0.26.3,3.1.2,4.2.0,0.20220715.0,1.1.0,3.4.1,0.4.2,2.9.0,2024.1,1.6.0,306,26.0.3,7.4.2,3.9.3,0.35.1,3.6.13,2.32.3,2.0.0,13.7.1,0.18.1,4.9,0.10.1,1.4.0,1.13.1,0.13.1,70.0.0,1.16.0,2.2.0,1.3.0,1.0.8,1.0.6,2.0.5,4.1,1.0.1,1.0.7,1.1.10,0.6.2,1.2.0,3.7.1,1.5.1,1.12.1,2021.12.0,2.15.1,0.7.2,1.1.0,3.5.0,1.3.0,2.0.1,2.1.1+cu118,2.1.1+cu118,0.8.0,0.16.1+cu118,6.4.1,4.66.4,5.14.3,1.6.1,4.12.2,2024.1,5.2,4.0.3,2.2.1,0.2.13,0.5.1,3.0.3,0.43.0,1.16.0,0.2.11,3.19.2,0.003543189261108637,0.165714293718338,0.014710168354213238,0.006869952660053968,0.0,0.00033330832957290113,0.02908702753484249,0.1899999976158142,0.0,0.10999999940395355,0.1899999976158142,0.5,0
